{
  "train_loss": [
    1.5989173278427125,
    1.2540299012374878,
    1.1366771499443054,
    1.0701546024703978,
    1.0055769905090333,
    0.9595430808258056,
    0.9264658376312256,
    0.8896113081550598,
    0.8556505674362183,
    0.8352424398994446,
    0.8071349237442017,
    0.7822720521736145,
    0.758726614704132,
    0.7298662810134887,
    0.7086716786193847,
    0.6856974435043335,
    0.6573574026107788,
    0.6364431705856324,
    0.624291984462738,
    0.614032727432251
  ],
  "train_acc": [
    0.40882,
    0.54882,
    0.59388,
    0.62344,
    0.64716,
    0.6653,
    0.67528,
    0.69116,
    0.70302,
    0.71186,
    0.72214,
    0.73076,
    0.73874,
    0.7475,
    0.75642,
    0.76546,
    0.77728,
    0.7817,
    0.78746,
    0.79194
  ],
  "val_loss": [
    1.4042861904144288,
    1.2298226585388183,
    1.2873848211288452,
    1.192894337463379,
    1.0163774723052978,
    1.3358772857666015,
    1.1905926261901856,
    0.896872064781189,
    0.870119225692749,
    0.8097585276603698,
    1.0061780838012695,
    0.8486943627357483,
    0.8554916770935058,
    0.7380735455036164,
    0.6967981621742249,
    0.6714009583473206,
    0.6193221520900727,
    0.5967767349243164,
    0.5905660524845123,
    0.5847949488639832
  ],
  "val_acc": [
    0.4921,
    0.5585,
    0.5518,
    0.5725,
    0.6404,
    0.5796,
    0.6097,
    0.6838,
    0.6964,
    0.7169,
    0.6662,
    0.7025,
    0.708,
    0.7468,
    0.7592,
    0.7695,
    0.7883,
    0.792,
    0.7949,
    0.7971
  ]
}