{
  "train_loss": [
    1.5588268288421632,
    1.0744049575805663,
    0.8580060221672058,
    0.7265881358337403,
    0.6345619985771179,
    0.5721943039703369,
    0.5339308945465088,
    0.4965450281524658,
    0.4604531657600403,
    0.4270242863845825,
    0.38886106770515444,
    0.3616667221260071,
    0.33081002163887024,
    0.2918247576618195,
    0.2596951004219055,
    0.22229810513496398,
    0.18941704236984253,
    0.16026524688243865,
    0.14203492026805878,
    0.13045999526023866
  ],
  "train_acc": [
    0.42062,
    0.61634,
    0.69562,
    0.74936,
    0.77994,
    0.8018,
    0.81626,
    0.82896,
    0.84122,
    0.85432,
    0.86596,
    0.87626,
    0.88638,
    0.90006,
    0.90936,
    0.9247,
    0.9356,
    0.94644,
    0.95438,
    0.95894
  ],
  "val_loss": [
    1.251079511833191,
    1.0473301259994507,
    0.9212805260658264,
    0.8755247133255005,
    0.6041828754425049,
    0.6643724722862243,
    0.6775115087509155,
    0.6650331996917724,
    0.6322035893440247,
    0.6570166904449463,
    0.5105347884178162,
    0.5190013208866119,
    0.46783486814498904,
    0.3874007367134094,
    0.3815252509832382,
    0.393280304813385,
    0.30332182970046995,
    0.28602081899642945,
    0.2734225463151932,
    0.27089773733615874
  ],
  "val_acc": [
    0.5571,
    0.634,
    0.684,
    0.7074,
    0.7916,
    0.7705,
    0.7705,
    0.7744,
    0.795,
    0.7891,
    0.8258,
    0.8364,
    0.8435,
    0.8696,
    0.8721,
    0.8738,
    0.9004,
    0.9048,
    0.9059,
    0.9081
  ]
}